,num,assists,points,Category
2,3,0.0747,0.4974,3
9,10,0.16699999999999998,0.47700000000000004,3
11,12,0.1227,0.4909,3
13,14,0.1461,0.5113,3
16,17,0.1107,0.4799,3
19,20,0.1067,0.4326,3
