Category,SampleSize,ZL_Center,ZR_Center,ZF_Center,ZM_Center,ZC_Center
Class0,24659,-0.7002121045956162,-0.4148916153564003,-0.16114387424581975,-0.16095880601752516,-0.2551335945599494
Class1,12125,-0.31368081860701835,1.686272054421706,-0.5740206186477952,-0.5368245126210623,-0.17332750082838236
Class2,15740,1.1606760770497297,-0.37722423238447406,-0.08691921809870569,-0.09484480892963676,-0.1559058588624811
Class3,4184,0.051843211070242944,-0.0026681477089161797,-0.2268049341935507,-0.23125593812529838,2.191364668744668
Class4,5336,0.4833323493384999,-0.7993897017144365,2.483221616666158,2.424743449096149,0.30863251435444533
