num,assists,points,Category
1,0.0888,0.5885,0
2,0.1399,0.8291,2
3,0.0747,0.4974,3
4,0.0983,0.5772,0
5,0.1276,0.5703,0
6,0.1671,0.5835,4
7,0.1906,0.5276,4
8,0.1061,0.5523,0
9,0.2446,0.4007,1
10,0.16699999999999998,0.47700000000000004,3
11,0.2485,0.4313,1
12,0.1227,0.4909,3
13,0.124,0.5668,0
14,0.1461,0.5113,3
15,0.2315,0.3788,1
16,0.0494,0.5589999999999999,0
17,0.1107,0.4799,3
18,0.2521,0.5735,4
19,0.1007,0.6318,0
20,0.1067,0.4326,3
21,0.1956,0.428,1
